[Header],,,,,,,,,
IEMFileVersion,4,,,,,,,,
Investigator Name,,,,,,,,,
Experiment Name,GC-OBB-9347,,,,,,,,
Date,01/10/2021,,,,,,,,
Workflow,GenerateFASTQ,,,,,,,,
Application,FASTQ Only,,,,,,,,
Assay,,,,,,,,,
Description,,,,,,,,,
Chemistry,Amplicon,,,,,,,,
,,,,,,,,,
[Reads],,,,,,,,,
251,,,,,,,,,
251,,,,,,,,,
,,,,,,,,,
[Settings],,,,,,,,,
ReverseComplement,0,,,,,,,,
Adapter,CTGTCTCTTATACACATCT,,,,,,,,
,,,,,,,,,
[Data],,,,,,,,,
Sample_ID,Sample_Name,Sample_Plate,Sample_Well,I7_Index_ID,index,I5_Index_ID,index2,Sample_Project,Description
WB-00468,WB-00468,,,,GTCGTCGTCT,,TCGTCGGCAG,GC-OBB-9347,
WB-00469,WB-00469,,,,GATGTAGCGT,,TCGTCGGCAG,GC-OBB-9347,
WB-00470,WB-00470,,,,GTGCTGTCGT,,TCGTCGGCAG,GC-OBB-9347,
WB-00471,WB-00471,,,,TGAGCGTGCT,,TCGTCGGCAG,GC-OBB-9347,
WB-00956,WB-00956,,,,TGTGTGCATG,,TCGTCGGCAG,GC-OBB-9347,
WB-00957,WB-00957,,,,GAGTGCATCT,,TCGTCGGCAG,GC-OBB-9347,
WB-00958,WB-00958,,,,CAGTCAGAGT,,TCGTCGGCAG,GC-OBB-9347,
WB-00959,WB-00959,,,,GTATGAGCAC,,TCGTCGGCAG,GC-OBB-9347,
WB-00516,WB-00516,,,,TCTCTGTGCA,,TCGTCGGCAG,GC-OBB-9347,
WB-00517,WB-00517,,,,GCACGTAGCT,,TCGTCGGCAG,GC-OBB-9347,
WB-00518,WB-00518,,,,TGTCTCTATC,,TCGTCGGCAG,GC-OBB-9347,
WB-00519,WB-00519,,,,TATCTCATGC,,TCGTCGGCAG,GC-OBB-9347,
SW-00286,SW-00286,,,,TATCGATGCT,,TCGTCGGCAG,GC-OBB-9347,
SW-00287,SW-00287,,,,TGATACTCTG,,TCGTCGGCAG,GC-OBB-9347,
SW-00288,SW-00288,,,,TCAGCGATAT,,TCGTCGGCAG,GC-OBB-9347,
SW-00292,SW-00292,,,,GTAGTACACA,,TCGTCGGCAG,GC-OBB-9347,
SW-00293,SW-00293,,,,CATGATACGC,,TCGTCGGCAG,GC-OBB-9347,
SW-00294,SW-00294,,,,TGATGTATGT,,TCGTCGGCAG,GC-OBB-9347,
SW-00298,SW-00298,,,,TTGTTGCTGT,,TCGTCGGCAG,GC-OBB-9347,
SW-00299,SW-00299,,,,TGTTGTGGTA,,TCGTCGGCAG,GC-OBB-9347,
SW-00300,SW-00300,,,,GTTGATGAGT,,TCGTCGGCAG,GC-OBB-9347,
SW-00313,SW-00313,,,,CGTCTTCTTA,,TCGTCGGCAG,GC-OBB-9347,
SW-00314,SW-00314,,,,CTCTTAGTTC,,TCGTCGGCAG,GC-OBB-9347,
SW-00315,SW-00315,,,,TGGTGTCCGT,,TCGTCGGCAG,GC-OBB-9347,
SW-00319,SW-00319,,,,TTCTCATCGT,,TCGTCGGCAG,GC-OBB-9347,
SW-00320,SW-00320,,,,TTGTCCTTGC,,TCGTCGGCAG,GC-OBB-9347,
SW-00321,SW-00321,,,,CGTAATGAGC,,TCGTCGGCAG,GC-OBB-9347,
SW-00325,SW-00325,,,,GTGGCTTCGT,,TCGTCGGCAG,GC-OBB-9347,
SW-00326,SW-00326,,,,CGAATGTATG,,TCGTCGGCAG,GC-OBB-9347,
SW-00327,SW-00327,,,,TGTCAGCTTA,,TCGTCGGCAG,GC-OBB-9347,
WB-00286-2,WB-00286-2,,,,TTACACGTTC,,TCGTCGGCAG,GC-OBB-9347,
WB-00511,WB-00511,,,,TGACTAGCTT,,TCGTCGGCAG,GC-OBB-9347,
WB-00960,WB-00960,,,,TCGAGGTACT,,TCGTCGGCAG,GC-OBB-9347,
WB-00961,WB-00961,,,,CTAAGTCATG,,TCGTCGGCAG,GC-OBB-9347,
WB-00962,WB-00962,,,,CTGTTCTAGC,,TCGTCGGCAG,GC-OBB-9347,
WB-00963,WB-00963,,,,GATCCTGAGC,,TCGTCGGCAG,GC-OBB-9347,
WB-00481,WB-00481,,,,GTCGGTCTGA,,TCGTCGGCAG,GC-OBB-9347,
WB-00482,WB-00482,,,,CAGATGTCCT,,TCGTCGGCAG,GC-OBB-9347,
WB-00483,WB-00483,,,,CACTGCTTGA,,TCGTCGGCAG,GC-OBB-9347,
WB-00484,WB-00484,,,,CTTACGTTGC,,TCGTCGGCAG,GC-OBB-9347,
WB-00464,WB-00464,,,,TCCTTGTTCT,,TCGTCGGCAG,GC-OBB-9347,
WB-00465,WB-00465,,,,GAAGTCAAGC,,TCGTCGGCAG,GC-OBB-9347,
WB-00466,WB-00466,,,,GCGCATTATG,,TCGTCGGCAG,GC-OBB-9347,
WB-00467,WB-00467,,,,GACAGCAAGC,,TCGTCGGCAG,GC-OBB-9347,
WB-00913,WB-00913,,,,TCACGACGAA,,TCGTCGGCAG,GC-OBB-9347,
WB-00914,WB-00914,,,,TATGTGCCGT,,TCGTCGGCAG,GC-OBB-9347,
WB-00915,WB-00915,,,,GCCGTGATGT,,TCGTCGGCAG,GC-OBB-9347,
WB-00916,WB-00916,,,,GGTGTGTAAG,,TCGTCGGCAG,GC-OBB-9347,
WB-00917,WB-00917,,,,GTATTGCTGC,,TCGTCGGCAG,GC-OBB-9347,
WB-00918,WB-00918,,,,CTGAGCTTCT,,TCGTCGGCAG,GC-OBB-9347,
WB-00919,WB-00919,,,,TGCCAGTGTC,,TCGTCGGCAG,GC-OBB-9347,
WB-00920,WB-00920,,,,CTGAATGCTG,,TCGTCGGCAG,GC-OBB-9347,
WB-00921,WB-00921,,,,TGATAGCCTC,,TCGTCGGCAG,GC-OBB-9347,
WB-00922,WB-00922,,,,CGTTGAGTGC,,TCGTCGGCAG,GC-OBB-9347,
WB-00923,WB-00923,,,,GCTATGGTCA,,TCGTCGGCAG,GC-OBB-9347,
WB-00924,WB-00924,,,,CTGGTGGACT,,TCGTCGGCAG,GC-OBB-9347,
WB-00925,WB-00925,,,,CTCGACGTTA,,TCGTCGGCAG,GC-OBB-9347,
WB-00913-2,WB-00913-2,,,,TCTTCGGTGG,,TCGTCGGCAG,GC-OBB-9347,
WB-00925-2,WB-00925-2,,,,GCGGTATCTC,,TCGTCGGCAG,GC-OBB-9347,
WB-00927,WB-00927,,,,CGCATTATCA,,TCGTCGGCAG,GC-OBB-9347,
WB-00928,WB-00928,,,,TCCTAGATGA,,TCGTCGGCAG,GC-OBB-9347,
WB-00929,WB-00929,,,,TTCTCTTAGC,,TCGTCGGCAG,GC-OBB-9347,
WB-00930,WB-00930,,,,TTGGTAGATG,,TCGTCGGCAG,GC-OBB-9347,
WB-00407,WB-00407,,,,CTTGTGCATA,,TCGTCGGCAG,GC-OBB-9347,
WB-00408,WB-00408,,,,TCTCAGTTCT,,TCGTCGGCAG,GC-OBB-9347,
WB-00409,WB-00409,,,,GAGTTATCAG,,TCGTCGGCAG,GC-OBB-9347,
WB-00410,WB-00410,,,,GTAACTAGCA,,TCGTCGGCAG,GC-OBB-9347,
WB-00475,WB-00475,,,,GTGTGACTAA,,TCGTCGGCAG,GC-OBB-9347,
WB-00477,WB-00477,,,,GCAGTTGATT,,TCGTCGGCAG,GC-OBB-9347,
WB-00479,WB-00479,,,,TCACTAAGCT,,TCGTCGGCAG,GC-OBB-9347,
WB-00514,WB-00514,,,,CATGCGGAGA,,TCGTCGGCAG,GC-OBB-9347,
WB-00515,WB-00515,,,,CACTCGATAA,,TCGTCGGCAG,GC-OBB-9347,
WB-00903,WB-00903,,,,GAGTAGCCTG,,TCGTCGGCAG,GC-OBB-9347,
WB-00904,WB-00904,,,,CTGATGACTT,,TCGTCGGCAG,GC-OBB-9347,
WB-00905,WB-00905,,,,TCGAGTCGGA,,TCGTCGGCAG,GC-OBB-9347,
WB-00906,WB-00906,,,,TGATACCACT,,TCGTCGGCAG,GC-OBB-9347,
WB-00949,WB-00949,,,,TGACTCAATG,,TCGTCGGCAG,GC-OBB-9347,
WB-00950,WB-00950,,,,GGTATGGACG,,TCGTCGGCAG,GC-OBB-9347,
WB-00951,WB-00951,,,,TTGTGACGCA,,TCGTCGGCAG,GC-OBB-9347,
WB-00952,WB-00952,,,,GCGCTCTATT,,TCGTCGGCAG,GC-OBB-9347,
WB-00953,WB-00953,,,,TATGACTCGA,,TCGTCGGCAG,GC-OBB-9347,
WB-00954,WB-00954,,,,TGTCATCAAG,,TCGTCGGCAG,GC-OBB-9347,
WB-00410-2,WB-00410-2,,,,CATGCGCTTA,,TCGTCGGCAG,GC-OBB-9347,
WB-00904-2,WB-00904-2,,,,TTCGACTTGA,,TCGTCGGCAG,GC-OBB-9347,
WB-950-2,WB-950-2,,,,TCTCTGCGAT,,TCGTCGGCAG,GC-OBB-9347,
WB-00399,WB-00399,,,,GCTTACATTG,,TCGTCGGCAG,GC-OBB-9347,
WB-00400,WB-00400,,,,GCTTCACTAG,,TCGTCGGCAG,GC-OBB-9347,
WB-00401,WB-00401,,,,TCAAGAGTGC,,TCGTCGGCAG,GC-OBB-9347,
WB-00402,WB-00402,,,,GATAGGCACA,,TCGTCGGCAG,GC-OBB-9347,
WB-00485,WB-00485,,,,TACGATGCCA,,TCGTCGGCAG,GC-OBB-9347,
WB-00487,WB-00487,,,,GTACAGCAAT,,TCGTCGGCAG,GC-OBB-9347,
WB-00489,WB-00489,,,,CTAGGCTACA,,TCGTCGGCAG,GC-OBB-9347,
WB-00491,WB-00491,,,,GGTAGGCTAC,,TCGTCGGCAG,GC-OBB-9347,
WB-00513,WB-00513,,,,TCCGACAGTG,,TCGTCGGCAG,GC-OBB-9347,
WB-00899,WB-00899,,,,GAACACTCTG,,TCGTCGGCAG,GC-OBB-9347,
Negative1,Negative1,,,,TCACACTTAG,,TCGTCGGCAG,GC-OBB-9347,
WB-00900,WB-00900,,,,GTATCGTCGT,,TCGTCGGCAG,GC-OBB-9347,
WB-00901,WB-00901,,,,GTCGTGTACT,,TCGTCGGCAG,GC-OBB-9347,
WB-00902,WB-00902,,,,TCAGTGTCTC,,TCGTCGGCAG,GC-OBB-9347,
WB-00964,WB-00964,,,,CTGTGTCGTC,,TCGTCGGCAG,GC-OBB-9347,
WB-00965,WB-00965,,,,GATGCGAGCT,,TCGTCGGCAG,GC-OBB-9347,
WB-00966,WB-00966,,,,CGCAGTCTAT,,TCGTCGGCAG,GC-OBB-9347,
WB-00967,WB-00967,,,,CGAGTGCTGT,,TCGTCGGCAG,GC-OBB-9347,
WB-00968,WB-00968,,,,TATAGCACGC,,TCGTCGGCAG,GC-OBB-9347,
WB-00899-2,WB-00899-2,,,,TATGCGCTGC,,TCGTCGGCAG,GC-OBB-9347,
WB-00907,WB-00907,,,,CGCGTATCAT,,TCGTCGGCAG,GC-OBB-9347,
WB-00908,WB-00908,,,,TACTGAGCTG,,TCGTCGGCAG,GC-OBB-9347,
WB-00909,WB-00909,,,,GACGTCTGCT,,TCGTCGGCAG,GC-OBB-9347,
WB-00910,WB-00910,,,,CGTATGATGT,,TCGTCGGCAG,GC-OBB-9347,
WB-00911,WB-00911,,,,CTAGATCTGA,,TCGTCGGCAG,GC-OBB-9347,
WB-00912,WB-00912,,,,TATCAGTCTG,,TCGTCGGCAG,GC-OBB-9347,
WB-00493,WB-00493,,,,TCAGATGCTA,,TCGTCGGCAG,GC-OBB-9347,
WB-00494,WB-00494,,,,TCATATCGCG,,TCGTCGGCAG,GC-OBB-9347,
WB-00495,WB-00495,,,,GCACGCGTAT,,TCGTCGGCAG,GC-OBB-9347,
WB-00496,WB-00496,,,,TGATAGAGAG,,TCGTCGGCAG,GC-OBB-9347,
WB-00508,WB-00508,,,,CTCAGCAGTG,,TCGTCGGCAG,GC-OBB-9347,
WB-00935,WB-00935,,,,TACTGCAGCG,,TCGTCGGCAG,GC-OBB-9347,
WB-00936,WB-00936,,,,CACATACAGT,,TCGTCGGCAG,GC-OBB-9347,
WB-00937,WB-00937,,,,GAGACTATGC,,TCGTCGGCAG,GC-OBB-9347,
WB-00938,WB-00938,,,,CGACGCTGAT,,TCGTCGGCAG,GC-OBB-9347,
WB-00454,WB-00454,,,,GACGATCGCA,,TCGTCGGCAG,GC-OBB-9347,
WB-00455,WB-00455,,,,TCTACGACAT,,TCGTCGGCAG,GC-OBB-9347,
WB-00457,WB-00457,,,,CTACATACTA,,TCGTCGGCAG,GC-OBB-9347,
WB-00458,WB-00458,,,,CAGCATCTAG,,TCGTCGGCAG,GC-OBB-9347,
WB-00459,WB-00459,,,,TAGGTGGAAT,,TCGTCGGCAG,GC-OBB-9347,
WB-00460,WB-00460,,,,CTCGTTATTC,,TCGTCGGCAG,GC-OBB-9347,
WB-00504,WB-00504,,,,GGTGTTAGTG,,TCGTCGGCAG,GC-OBB-9347,
WB-00510,WB-00510,,,,GTTCGATTGT,,TCGTCGGCAG,GC-OBB-9347,
WB-00895,WB-00895,,,,GCGTCTGAAT,,TCGTCGGCAG,GC-OBB-9347,
WB-00896,WB-00896,,,,TTGCTTAGTC,,TCGTCGGCAG,GC-OBB-9347,
WB-00897,WB-00897,,,,TCTTGTTCAC,,TCGTCGGCAG,GC-OBB-9347,
WB-00898,WB-00898,,,,GAAGGAGATA,,TCGTCGGCAG,GC-OBB-9347,
WB-00945,WB-00945,,,,GTTCTTCGTA,,TCGTCGGCAG,GC-OBB-9347,
WB-00946,WB-00946,,,,TCGAATGTGC,,TCGTCGGCAG,GC-OBB-9347,
WB-00947,WB-00947,,,,TGCGGATGGT,,TCGTCGGCAG,GC-OBB-9347,
WB-00948,WB-00948,,,,TGTTACGATC,,TCGTCGGCAG,GC-OBB-9347,
WB-00403,WB-00403,,,,GTCTTGGCTC,,TCGTCGGCAG,GC-OBB-9347,
WB-00404,WB-00404,,,,TTACGCAGTG,,TCGTCGGCAG,GC-OBB-9347,
WB-00405,WB-00405,,,,GTATAACGCT,,TCGTCGGCAG,GC-OBB-9347,
WB-00406,WB-00406,,,,GAAGCGCACT,,TCGTCGGCAG,GC-OBB-9347,
WB-00473,WB-00473,,,,GGAGACTGTA,,TCGTCGGCAG,GC-OBB-9347,
WB-00474,WB-00474,,,,GCTCTAACAT,,TCGTCGGCAG,GC-OBB-9347,
WB-00498,WB-00498,,,,TTGTCGAGAC,,TCGTCGGCAG,GC-OBB-9347,
WB-00506,WB-00506,,,,TATCCGTGTC,,TCGTCGGCAG,GC-OBB-9347,
WB-00403-2,WB-00403-2,,,,CGTGTCCAGT,,TCGTCGGCAG,GC-OBB-9347,
WB-00447,WB-00447,,,,TGTGCCATCT,,TCGTCGGCAG,GC-OBB-9347,
WB-00449,WB-00449,,,,CTGCAAGTCT,,TCGTCGGCAG,GC-OBB-9347,
WB-00450,WB-00450,,,,GTGTCGAAGA,,TCGTCGGCAG,GC-OBB-9347,
WB-00461,WB-00461,,,,CTGTCGGATG,,TCGTCGGCAG,GC-OBB-9347,
WB-00462,WB-00462,,,,CTTGAGCGTC,,TCGTCGGCAG,GC-OBB-9347,
WB-00463,WB-00463,,,,CACGGAGTAT,,TCGTCGGCAG,GC-OBB-9347,
WB-00931,WB-00931,,,,TGTAGGACAC,,TCGTCGGCAG,GC-OBB-9347,
WB-00932,WB-00932,,,,CCGTTCGTTG,,TCGTCGGCAG,GC-OBB-9347,
WB-00933,WB-00933,,,,GGTCACATCA,,TCGTCGGCAG,GC-OBB-9347,
WB-00934,WB-00934,,,,CTGGAGCGAT,,TCGTCGGCAG,GC-OBB-9347,
Negative2,Negative2,,,,CCGTCTATAG,,TCGTCGGCAG,GC-OBB-9347,
WB-00468r1,WB-00468r1,,,,GTGTATGCGT,,TATGAGTGAT ,GC-OBB-9347,
WB-00469r1,WB-00469r1,,,,GAGTGATCGT,,TATGAGTGAT ,GC-OBB-9347,
WB-00470r1,WB-00470r1,,,,CGCTGTAGTC,,TATGAGTGAT ,GC-OBB-9347,
WB-00471r1,WB-00471r1,,,,CATGTCGTCA,,TATGAGTGAT ,GC-OBB-9347,
WB-00956r1,WB-00956r1,,,,GAGTGTCACT,,TATGAGTGAT ,GC-OBB-9347,
WB-00957r1,WB-00957r1,,,,TGCGTAGTCG,,TATGAGTGAT ,GC-OBB-9347,
WB-00958r1,WB-00958r1,,,,CTGTACGTGA,,TATGAGTGAT ,GC-OBB-9347,
WB-00959r1,WB-00959r1,,,,CTGCATGATC,,TATGAGTGAT ,GC-OBB-9347,
WB-00516r1,WB-00516r1,,,,TAGTAGCGCG,,TATGAGTGAT ,GC-OBB-9347,
WB-00517r1,WB-00517r1,,,,TAGTCTGTCA,,TATGAGTGAT ,GC-OBB-9347,
WB-00518r1,WB-00518r1,,,,CATGCATCAT,,TATGAGTGAT ,GC-OBB-9347,
WB-00519r1,WB-00519r1,,,,CTAGCAGATG,,TATGAGTGAT ,GC-OBB-9347,
SW-00286r1,SW-00286r1,,,,CACGAGATGA,,TATGAGTGAT ,GC-OBB-9347,
SW-00287r1,SW-00287r1,,,,TCGATATCTA,,TATGAGTGAT ,GC-OBB-9347,
SW-00288r1,SW-00288r1,,,,TACATGATAG,,TATGAGTGAT ,GC-OBB-9347,
SW-00292r1,SW-00292r1,,,,TGTAGGTGGA,,TATGAGTGAT ,GC-OBB-9347,
SW-00293r1,SW-00293r1,,,,TTAGTGGTGA,,TATGAGTGAT ,GC-OBB-9347,
SW-00294r1,SW-00294r1,,,,TGTGAATCTC,,TATGAGTGAT ,GC-OBB-9347,
SW-00298r1,SW-00298r1,,,,CGTTAGCGTA,,TATGAGTGAT ,GC-OBB-9347,
SW-00299r1,SW-00299r1,,,,TACTAGGATC,,TATGAGTGAT ,GC-OBB-9347,
SW-00300r1,SW-00300r1,,,,GATGAGGTAT,,TATGAGTGAT ,GC-OBB-9347,
SW-00313r1,SW-00313r1,,,,TATGGTAAGG,,TATGAGTGAT ,GC-OBB-9347,
SW-00314r1,SW-00314r1,,,,CTTAGTTCGC,,TATGAGTGAT ,GC-OBB-9347,
SW-00315r1,SW-00315r1,,,,TCATTCAGTG,,TATGAGTGAT ,GC-OBB-9347,
SW-00319r1,SW-00319r1,,,,CCATATGATC,,TATGAGTGAT ,GC-OBB-9347,
SW-00320r1,SW-00320r1,,,,TCGCTGAACA,,TATGAGTGAT ,GC-OBB-9347,
SW-00321r1,SW-00321r1,,,,GAACTATCAC,,TATGAGTGAT ,GC-OBB-9347,
SW-00325r1,SW-00325r1,,,,CTGCGAATGT,,TATGAGTGAT ,GC-OBB-9347,
SW-00326r1,SW-00326r1,,,,TGGATGACAT,,TATGAGTGAT ,GC-OBB-9347,
SW-00327r1,SW-00327r1,,,,TTCGTTCCTG,,TATGAGTGAT ,GC-OBB-9347,
WB-00286-2r1,WB-00286-2r1,,,,GGACAGATGG,,TATGAGTGAT ,GC-OBB-9347,
WB-00511r1,WB-00511r1,,,,GGAACACAGG,,TATGAGTGAT ,GC-OBB-9347,
WB-00960r1,WB-00960r1,,,,GTACTAAGAG,,TATGAGTGAT ,GC-OBB-9347,
WB-00961r1,WB-00961r1,,,,GTCCAGACAT,,TATGAGTGAT ,GC-OBB-9347,
WB-00962r1,WB-00962r1,,,,GAGACCTCTA,,TATGAGTGAT ,GC-OBB-9347,
WB-00963r1,WB-00963r1,,,,GACAGGTGAC,,TATGAGTGAT ,GC-OBB-9347,
WB-00481r1,WB-00481r1,,,,CATACCTGAT,,TATGAGTGAT ,GC-OBB-9347,
WB-00482r1,WB-00482r1,,,,GTTGTCGCTT,,TATGAGTGAT ,GC-OBB-9347,
WB-00483r1,WB-00483r1,,,,GTGGTTAGGT,,TATGAGTGAT ,GC-OBB-9347,
WB-00484r1,WB-00484r1,,,,CCGTATGCTA,,TATGAGTGAT ,GC-OBB-9347,
WB-00464r1,WB-00464r1,,,,TTGTTGGCGG,,TATGAGTGAT ,GC-OBB-9347,
WB-00465r1,WB-00465r1,,,,CGTGTCTTAG,,TATGAGTGAT ,GC-OBB-9347,
WB-00466r1,WB-00466r1,,,,CAGCGTGTCT,,TATGAGTGAT ,GC-OBB-9347,
WB-00467r1,WB-00467r1,,,,GACTTCGCTA,,TATGAGTGAT ,GC-OBB-9347,
WB-00913r1,WB-00913r1,,,,GGACTAGGTA,,TATGAGTGAT ,GC-OBB-9347,
WB-00914r1,WB-00914r1,,,,TGCGATGAGG,,TATGAGTGAT ,GC-OBB-9347,
WB-00915r1,WB-00915r1,,,,GATTCAGCTC,,TATGAGTGAT ,GC-OBB-9347,
WB-00916r1,WB-00916r1,,,,GTCGAGGATC,,TATGAGTGAT ,GC-OBB-9347,
WB-00917r1,WB-00917r1,,,,GTCGAAGCTG,,TATGAGTGAT ,GC-OBB-9347,
WB-00918r1,WB-00918r1,,,,GGACGTGACT,,TATGAGTGAT ,GC-OBB-9347,
WB-00919r1,WB-00919r1,,,,CGCTAGGAGA,,TATGAGTGAT ,GC-OBB-9347,
WB-00920r1,WB-00920r1,,,,TCACTGGAGG,,TATGAGTGAT ,GC-OBB-9347,
WB-00921r1,WB-00921r1,,,,GGAGATCGAT,,TATGAGTGAT ,GC-OBB-9347,
WB-00922r1,WB-00922r1,,,,CTCTAGGTAT,,TATGAGTGAT ,GC-OBB-9347,
WB-00923r1,WB-00923r1,,,,CTGTACTGTT,,TATGAGTGAT ,GC-OBB-9347,
WB-00924r1,WB-00924r1,,,,CTAGCTCATT,,TATGAGTGAT ,GC-OBB-9347,
WB-00925r1,WB-00925r1,,,,GGATATACAC,,TATGAGTGAT ,GC-OBB-9347,
WB-00913-2r1,WB-00913-2r1,,,,CGTTGTTCTA,,TATGAGTGAT ,GC-OBB-9347,
WB-00925-2r1,WB-00925-2r1,,,,TAGCGTATTG,,TATGAGTGAT ,GC-OBB-9347,
WB-00927r1,WB-00927r1,,,,TAGCACATTC,,TATGAGTGAT ,GC-OBB-9347,
WB-00928r1,WB-00928r1,,,,TCTAGTATCC,,TATGAGTGAT ,GC-OBB-9347,
WB-00929r1,WB-00929r1,,,,CGATCTGTAT,,TATGAGTGAT ,GC-OBB-9347,
WB-00930r1,WB-00930r1,,,,CACTATGGAT,,TATGAGTGAT ,GC-OBB-9347,
WB-00407r1,WB-00407r1,,,,TATGCACTCT,,TATGAGTGAT ,GC-OBB-9347,
WB-00408r1,WB-00408r1,,,,TGATGCATTC,,TATGAGTGAT ,GC-OBB-9347,
WB-00409r1,WB-00409r1,,,,TGAGATTGGA,,TATGAGTGAT ,GC-OBB-9347,
WB-00410r1,WB-00410r1,,,,GCTTGCATAT,,TATGAGTGAT ,GC-OBB-9347,
WB-00475r1,WB-00475r1,,,,GACTCTTCAT,,TATGAGTGAT ,GC-OBB-9347,
WB-00477r1,WB-00477r1,,,,GTTGACATTC,,TATGAGTGAT ,GC-OBB-9347,
WB-00479r1,WB-00479r1,,,,TTAGAGATGG,,TATGAGTGAT ,GC-OBB-9347,
WB-00514r1,WB-00514r1,,,,GCTCAATAAC,,TATGAGTGAT ,GC-OBB-9347,
WB-00515r1,WB-00515r1,,,,TAGCATGGAT,,TATGAGTGAT ,GC-OBB-9347,
WB-00903r1,WB-00903r1,,,,TTCAGTCGCG,,TATGAGTGAT ,GC-OBB-9347,
WB-00904r1,WB-00904r1,,,,CCTGATGTGC,,TATGAGTGAT ,GC-OBB-9347,
WB-00905r1,WB-00905r1,,,,TAGCCTATAC,,TATGAGTGAT ,GC-OBB-9347,
WB-00906r1,WB-00906r1,,,,TCAGAGTCAT,,TATGAGTGAT ,GC-OBB-9347,
WB-00949r1,WB-00949r1,,,,TCGTTCAGAC,,TATGAGTGAT ,GC-OBB-9347,
WB-00950r1,WB-00950r1,,,,CCATGTGTCG,,TATGAGTGAT ,GC-OBB-9347,
WB-00951r1,WB-00951r1,,,,TGAACTACGA,,TATGAGTGAT ,GC-OBB-9347,
WB-00952r1,WB-00952r1,,,,TCGCAACAAT,,TATGAGTGAT ,GC-OBB-9347,
WB-00953r1,WB-00953r1,,,,GTAGCATTCT,,TATGAGTGAT ,GC-OBB-9347,
WB-00954r1,WB-00954r1,,,,CAGCCGATGT,,TATGAGTGAT ,GC-OBB-9347,
WB-00410-2r1,WB-00410-2r1,,,,GTCGTTAGAG,,TATGAGTGAT ,GC-OBB-9347,
WB-00904-2r1,WB-00904-2r1,,,,GCATCTATTG,,TATGAGTGAT ,GC-OBB-9347,
WB-950-2r1,WB-950-2r1,,,,GCATTCGTAC,,TATGAGTGAT ,GC-OBB-9347,
WB-00399r1,WB-00399r1,,,,CGGACTCTAG,,TATGAGTGAT ,GC-OBB-9347,
WB-00400r1,WB-00400r1,,,,CTATGACACT,,TATGAGTGAT ,GC-OBB-9347,
WB-00401r1,WB-00401r1,,,,GATGCAATCG,,TATGAGTGAT ,GC-OBB-9347,
WB-00402r1,WB-00402r1,,,,GTGCACGAAT,,TATGAGTGAT ,GC-OBB-9347,
WB-00485r1,WB-00485r1,,,,CGAAGTGCAC,,TATGAGTGAT ,GC-OBB-9347,
WB-00487r1,WB-00487r1,,,,TCTGACCAGT,,TATGAGTGAT ,GC-OBB-9347,
WB-00489r1,WB-00489r1,,,,TAGACTCCAT,,TATGAGTGAT ,GC-OBB-9347,
WB-00491r1,WB-00491r1,,,,GCGAACGTAC,,TATGAGTGAT ,GC-OBB-9347,
WB-00513r1,WB-00513r1,,,,TGCCTTCTTG,,TATGAGTGAT ,GC-OBB-9347,
WB-00899r1,WB-00899r1,,,,TCATACGGTA,,TATGAGTGAT ,GC-OBB-9347,
Negative1r1,Negative1r1,,,,TAGATCTACC,,TATGAGTGAT ,GC-OBB-9347,
WB-00900r1,WB-00900r1,,,,GCGTCGTGTA,,TATGAGTGAT ,GC-OBB-9347,
WB-00901r1,WB-00901r1,,,,CGCTATCAGT,,TATGAGTGAT ,GC-OBB-9347,
WB-00902r1,WB-00902r1,,,,GTGCTCATGT,,TATGAGTGAT ,GC-OBB-9347,
WB-00964r1,WB-00964r1,,,,GTCTACTGTC,,TATGAGTGAT ,GC-OBB-9347,
WB-00965r1,WB-00965r1,,,,GTATCTCTCG,,TATGAGTGAT ,GC-OBB-9347,
WB-00966r1,WB-00966r1,,,,TACATCGCTG,,TATGAGTGAT ,GC-OBB-9347,
WB-00967r1,WB-00967r1,,,,GACTGTACGT,,TATGAGTGAT ,GC-OBB-9347,
WB-00968r1,WB-00968r1,,,,TAGAGTCTGT,,TATGAGTGAT ,GC-OBB-9347,
WB-00899-2r1,WB-00899-2r1,,,,CGTCTATGAT,,TATGAGTGAT ,GC-OBB-9347,
WB-00907r1,WB-00907r1,,,,CAGCTATAGC,,TATGAGTGAT ,GC-OBB-9347,
WB-00908r1,WB-00908r1,,,,TGCGAGACGT,,TATGAGTGAT ,GC-OBB-9347,
WB-00909r1,WB-00909r1,,,,GCGTAGACGA,,TATGAGTGAT ,GC-OBB-9347,
WB-00910r1,WB-00910r1,,,,CGCAGAGCAT,,TATGAGTGAT ,GC-OBB-9347,
WB-00911r1,WB-00911r1,,,,TGTACAGCGA,,TATGAGTGAT ,GC-OBB-9347,
WB-00912r1,WB-00912r1,,,,GCAGCTGTCA,,TATGAGTGAT ,GC-OBB-9347,
WB-00493r1,WB-00493r1,,,,TCATCATGCG,,TATGAGTGAT ,GC-OBB-9347,
WB-00494r1,WB-00494r1,,,,GATATATGTC,,TATGAGTGAT ,GC-OBB-9347,
WB-00495r1,WB-00495r1,,,,GTGAAGGTAA,,TATGAGTGAT ,GC-OBB-9347,
WB-00496r1,WB-00496r1,,,,CTAATCGTGT,,TATGAGTGAT ,GC-OBB-9347,
WB-00508r1,WB-00508r1,,,,GGTGTCTTGT,,TATGAGTGAT ,GC-OBB-9347,
WB-00935r1,WB-00935r1,,,,CCTCGTTGTT,,TATGAGTGAT ,GC-OBB-9347,
WB-00936r1,WB-00936r1,,,,GTCTCAATGT,,TATGAGTGAT ,GC-OBB-9347,
WB-00937r1,WB-00937r1,,,,CATTCTCTGA,,TATGAGTGAT ,GC-OBB-9347,
WB-00938r1,WB-00938r1,,,,GGCTGTGATC,,TATGAGTGAT ,GC-OBB-9347,
WB-00454r1,WB-00454r1,,,,CTCAATCGTA,,TATGAGTGAT ,GC-OBB-9347,
WB-00455r1,WB-00455r1,,,,CGCTAATGTA,,TATGAGTGAT ,GC-OBB-9347,
WB-00457r1,WB-00457r1,,,,TTCTGTTGCC,,TATGAGTGAT ,GC-OBB-9347,
WB-00458r1,WB-00458r1,,,,CCTGTGTAGA,,TATGAGTGAT ,GC-OBB-9347,
WB-00459r1,WB-00459r1,,,,GATAAGAAGG,,TATGAGTGAT ,GC-OBB-9347,
WB-00460r1,WB-00460r1,,,,CAGGTCACAT,,TATGAGTGAT ,GC-OBB-9347,
WB-00504r1,WB-00504r1,,,,TCTGCCTATA,,TATGAGTGAT ,GC-OBB-9347,
WB-00510r1,WB-00510r1,,,,TGTTCGATAG,,TATGAGTGAT ,GC-OBB-9347,
WB-00895r1,WB-00895r1,,,,TGGAGCATGT,,TATGAGTGAT ,GC-OBB-9347,
WB-00896r1,WB-00896r1,,,,TTGTCACATC,,TATGAGTGAT ,GC-OBB-9347,
WB-00897r1,WB-00897r1,,,,TTCGAGCTAT,,TATGAGTGAT ,GC-OBB-9347,
WB-00898r1,WB-00898r1,,,,GGTCGTGCAT,,TATGAGTGAT ,GC-OBB-9347,
WB-00945r1,WB-00945r1,,,,CGAGCATTGT,,TATGAGTGAT ,GC-OBB-9347,
WB-00946r1,WB-00946r1,,,,TTGCACTCAG,,TATGAGTGAT ,GC-OBB-9347,
WB-00947r1,WB-00947r1,,,,CTGACAAGTG,,TATGAGTGAT ,GC-OBB-9347,
WB-00948r1,WB-00948r1,,,,CACGAAGAGC,,TATGAGTGAT ,GC-OBB-9347,
WB-00403r1,WB-00403r1,,,,GACGTGCTTC,,TATGAGTGAT ,GC-OBB-9347,
WB-00404r1,WB-00404r1,,,,TGGAGGTGTT,,TATGAGTGAT ,GC-OBB-9347,
WB-00405r1,WB-00405r1,,,,TGGAGTCATC,,TATGAGTGAT ,GC-OBB-9347,
WB-00406r1,WB-00406r1,,,,GTAATGTGCG,,TATGAGTGAT ,GC-OBB-9347,
WB-00473r1,WB-00473r1,,,,TGTGAGGTAC,,TATGAGTGAT ,GC-OBB-9347,
WB-00474r1,WB-00474r1,,,,TGTCAAGAGC,,TATGAGTGAT ,GC-OBB-9347,
WB-00498r1,WB-00498r1,,,,CTATAAGCGC,,TATGAGTGAT ,GC-OBB-9347,
WB-00506r1,WB-00506r1,,,,CGAAGCGTGA,,TATGAGTGAT ,GC-OBB-9347,
WB-00403-2r1,WB-00403-2r1,,,,GAGTCGATCC,,TATGAGTGAT ,GC-OBB-9347,
WB-00447r1,WB-00447r1,,,,GAAGTCGCTG,,TATGAGTGAT ,GC-OBB-9347,
WB-00449r1,WB-00449r1,,,,CTAAGCACGT,,TATGAGTGAT ,GC-OBB-9347,
WB-00450r1,WB-00450r1,,,,GTAGATGGAC,,TATGAGTGAT ,GC-OBB-9347,
WB-00461r1,WB-00461r1,,,,GCTGTCCGTA,,TATGAGTGAT ,GC-OBB-9347,
WB-00462r1,WB-00462r1,,,,TGAGCCACAT,,TATGAGTGAT ,GC-OBB-9347,
WB-00463r1,WB-00463r1,,,,CTGTATACCA,,TATGAGTGAT ,GC-OBB-9347,
WB-00931r1,WB-00931r1,,,,CACTTCAGTA,,TATGAGTGAT ,GC-OBB-9347,
WB-00932r1,WB-00932r1,,,,TCCATCGTAT,,TATGAGTGAT ,GC-OBB-9347,
WB-00933r1,WB-00933r1,,,,GTTGTCTTAC,,TATGAGTGAT ,GC-OBB-9347,
WB-00934r1,WB-00934r1,,,,CATTGCAGTT,,TATGAGTGAT ,GC-OBB-9347,
Negative2r1,Negative2r1,,,,GATTGATTGC,,TATGAGTGAT ,GC-OBB-9347,
WB-00468r2,WB-00468r2,,,,GTGTATGCGT,,ATATGACTGT ,GC-OBB-9347,
WB-00469r2,WB-00469r2,,,,GAGTGATCGT,,ATATGACTGT ,GC-OBB-9347,
WB-00470r2,WB-00470r2,,,,CGCTGTAGTC,,ATATGACTGT ,GC-OBB-9347,
WB-00471r2,WB-00471r2,,,,CATGTCGTCA,,ATATGACTGT ,GC-OBB-9347,
WB-00956r2,WB-00956r2,,,,GAGTGTCACT,,ATATGACTGT ,GC-OBB-9347,
WB-00957r2,WB-00957r2,,,,TGCGTAGTCG,,ATATGACTGT ,GC-OBB-9347,
WB-00958r2,WB-00958r2,,,,CTGTACGTGA,,ATATGACTGT ,GC-OBB-9347,
WB-00959r2,WB-00959r2,,,,CTGCATGATC,,ATATGACTGT ,GC-OBB-9347,
WB-00516r2,WB-00516r2,,,,TAGTAGCGCG,,ATATGACTGT ,GC-OBB-9347,
WB-00517r2,WB-00517r2,,,,TAGTCTGTCA,,ATATGACTGT ,GC-OBB-9347,
WB-00518r2,WB-00518r2,,,,CATGCATCAT,,ATATGACTGT ,GC-OBB-9347,
WB-00519r2,WB-00519r2,,,,CTAGCAGATG,,ATATGACTGT ,GC-OBB-9347,
SW-00286r2,SW-00286r2,,,,CACGAGATGA,,ATATGACTGT ,GC-OBB-9347,
SW-00287r2,SW-00287r2,,,,TCGATATCTA,,ATATGACTGT ,GC-OBB-9347,
SW-00288r2,SW-00288r2,,,,TACATGATAG,,ATATGACTGT ,GC-OBB-9347,
SW-00292r2,SW-00292r2,,,,TGTAGGTGGA,,ATATGACTGT ,GC-OBB-9347,
SW-00293r2,SW-00293r2,,,,TTAGTGGTGA,,ATATGACTGT ,GC-OBB-9347,
SW-00294r2,SW-00294r2,,,,TGTGAATCTC,,ATATGACTGT ,GC-OBB-9347,
SW-00298r2,SW-00298r2,,,,CGTTAGCGTA,,ATATGACTGT ,GC-OBB-9347,
SW-00299r2,SW-00299r2,,,,TACTAGGATC,,ATATGACTGT ,GC-OBB-9347,
SW-00300r2,SW-00300r2,,,,GATGAGGTAT,,ATATGACTGT ,GC-OBB-9347,
SW-00313r2,SW-00313r2,,,,TATGGTAAGG,,ATATGACTGT ,GC-OBB-9347,
SW-00314r2,SW-00314r2,,,,CTTAGTTCGC,,ATATGACTGT ,GC-OBB-9347,
SW-00315r2,SW-00315r2,,,,TCATTCAGTG,,ATATGACTGT ,GC-OBB-9347,
SW-00319r2,SW-00319r2,,,,CCATATGATC,,ATATGACTGT ,GC-OBB-9347,
SW-00320r2,SW-00320r2,,,,TCGCTGAACA,,ATATGACTGT ,GC-OBB-9347,
SW-00321r2,SW-00321r2,,,,GAACTATCAC,,ATATGACTGT ,GC-OBB-9347,
SW-00325r2,SW-00325r2,,,,CTGCGAATGT,,ATATGACTGT ,GC-OBB-9347,
SW-00326r2,SW-00326r2,,,,TGGATGACAT,,ATATGACTGT ,GC-OBB-9347,
SW-00327r2,SW-00327r2,,,,TTCGTTCCTG,,ATATGACTGT ,GC-OBB-9347,
WB-00286-2r2,WB-00286-2r2,,,,GGACAGATGG,,ATATGACTGT ,GC-OBB-9347,
WB-00511r2,WB-00511r2,,,,GGAACACAGG,,ATATGACTGT ,GC-OBB-9347,
WB-00960r2,WB-00960r2,,,,GTACTAAGAG,,ATATGACTGT ,GC-OBB-9347,
WB-00961r2,WB-00961r2,,,,GTCCAGACAT,,ATATGACTGT ,GC-OBB-9347,
WB-00962r2,WB-00962r2,,,,GAGACCTCTA,,ATATGACTGT ,GC-OBB-9347,
WB-00963r2,WB-00963r2,,,,GACAGGTGAC,,ATATGACTGT ,GC-OBB-9347,
WB-00481r2,WB-00481r2,,,,CATACCTGAT,,ATATGACTGT ,GC-OBB-9347,
WB-00482r2,WB-00482r2,,,,GTTGTCGCTT,,ATATGACTGT ,GC-OBB-9347,
WB-00483r2,WB-00483r2,,,,GTGGTTAGGT,,ATATGACTGT ,GC-OBB-9347,
WB-00484r2,WB-00484r2,,,,CCGTATGCTA,,ATATGACTGT ,GC-OBB-9347,
WB-00464r2,WB-00464r2,,,,TTGTTGGCGG,,ATATGACTGT ,GC-OBB-9347,
WB-00465r2,WB-00465r2,,,,CGTGTCTTAG,,ATATGACTGT ,GC-OBB-9347,
WB-00466r2,WB-00466r2,,,,CAGCGTGTCT,,ATATGACTGT ,GC-OBB-9347,
WB-00467r2,WB-00467r2,,,,GACTTCGCTA,,ATATGACTGT ,GC-OBB-9347,
WB-00913r2,WB-00913r2,,,,GGACTAGGTA,,ATATGACTGT ,GC-OBB-9347,
WB-00914r2,WB-00914r2,,,,TGCGATGAGG,,ATATGACTGT ,GC-OBB-9347,
WB-00915r2,WB-00915r2,,,,GATTCAGCTC,,ATATGACTGT ,GC-OBB-9347,
WB-00916r2,WB-00916r2,,,,GTCGAGGATC,,ATATGACTGT ,GC-OBB-9347,
WB-00917r2,WB-00917r2,,,,GTCGAAGCTG,,ATATGACTGT ,GC-OBB-9347,
WB-00918r2,WB-00918r2,,,,GGACGTGACT,,ATATGACTGT ,GC-OBB-9347,
WB-00919r2,WB-00919r2,,,,CGCTAGGAGA,,ATATGACTGT ,GC-OBB-9347,
WB-00920r2,WB-00920r2,,,,TCACTGGAGG,,ATATGACTGT ,GC-OBB-9347,
WB-00921r2,WB-00921r2,,,,GGAGATCGAT,,ATATGACTGT ,GC-OBB-9347,
WB-00922r2,WB-00922r2,,,,CTCTAGGTAT,,ATATGACTGT ,GC-OBB-9347,
WB-00923r2,WB-00923r2,,,,CTGTACTGTT,,ATATGACTGT ,GC-OBB-9347,
WB-00924r2,WB-00924r2,,,,CTAGCTCATT,,ATATGACTGT ,GC-OBB-9347,
WB-00925r2,WB-00925r2,,,,GGATATACAC,,ATATGACTGT ,GC-OBB-9347,
WB-00913-2r2,WB-00913-2r2,,,,CGTTGTTCTA,,ATATGACTGT ,GC-OBB-9347,
WB-00925-2r2,WB-00925-2r2,,,,TAGCGTATTG,,ATATGACTGT ,GC-OBB-9347,
WB-00927r2,WB-00927r2,,,,TAGCACATTC,,ATATGACTGT ,GC-OBB-9347,
WB-00928r2,WB-00928r2,,,,TCTAGTATCC,,ATATGACTGT ,GC-OBB-9347,
WB-00929r2,WB-00929r2,,,,CGATCTGTAT,,ATATGACTGT ,GC-OBB-9347,
WB-00930r2,WB-00930r2,,,,CACTATGGAT,,ATATGACTGT ,GC-OBB-9347,
WB-00407r2,WB-00407r2,,,,TATGCACTCT,,ATATGACTGT ,GC-OBB-9347,
WB-00408r2,WB-00408r2,,,,TGATGCATTC,,ATATGACTGT ,GC-OBB-9347,
WB-00409r2,WB-00409r2,,,,TGAGATTGGA,,ATATGACTGT ,GC-OBB-9347,
WB-00410r2,WB-00410r2,,,,GCTTGCATAT,,ATATGACTGT ,GC-OBB-9347,
WB-00475r2,WB-00475r2,,,,GACTCTTCAT,,ATATGACTGT ,GC-OBB-9347,
WB-00477r2,WB-00477r2,,,,GTTGACATTC,,ATATGACTGT ,GC-OBB-9347,
WB-00479r2,WB-00479r2,,,,TTAGAGATGG,,ATATGACTGT ,GC-OBB-9347,
WB-00514r2,WB-00514r2,,,,GCTCAATAAC,,ATATGACTGT ,GC-OBB-9347,
WB-00515r2,WB-00515r2,,,,TAGCATGGAT,,ATATGACTGT ,GC-OBB-9347,
WB-00903r2,WB-00903r2,,,,TTCAGTCGCG,,ATATGACTGT ,GC-OBB-9347,
WB-00904r2,WB-00904r2,,,,CCTGATGTGC,,ATATGACTGT ,GC-OBB-9347,
WB-00905r2,WB-00905r2,,,,TAGCCTATAC,,ATATGACTGT ,GC-OBB-9347,
WB-00906r2,WB-00906r2,,,,TCAGAGTCAT,,ATATGACTGT ,GC-OBB-9347,
WB-00949r2,WB-00949r2,,,,TCGTTCAGAC,,ATATGACTGT ,GC-OBB-9347,
WB-00950r2,WB-00950r2,,,,CCATGTGTCG,,ATATGACTGT ,GC-OBB-9347,
WB-00951r2,WB-00951r2,,,,TGAACTACGA,,ATATGACTGT ,GC-OBB-9347,
WB-00952r2,WB-00952r2,,,,TCGCAACAAT,,ATATGACTGT ,GC-OBB-9347,
WB-00953r2,WB-00953r2,,,,GTAGCATTCT,,ATATGACTGT ,GC-OBB-9347,
WB-00954r2,WB-00954r2,,,,CAGCCGATGT,,ATATGACTGT ,GC-OBB-9347,
WB-00410-2r2,WB-00410-2r2,,,,GTCGTTAGAG,,ATATGACTGT ,GC-OBB-9347,
WB-00904-2r2,WB-00904-2r2,,,,GCATCTATTG,,ATATGACTGT ,GC-OBB-9347,
WB-950-2r2,WB-950-2r2,,,,GCATTCGTAC,,ATATGACTGT ,GC-OBB-9347,
WB-00399r2,WB-00399r2,,,,CGGACTCTAG,,ATATGACTGT ,GC-OBB-9347,
WB-00400r2,WB-00400r2,,,,CTATGACACT,,ATATGACTGT ,GC-OBB-9347,
WB-00401r2,WB-00401r2,,,,GATGCAATCG,,ATATGACTGT ,GC-OBB-9347,
WB-00402r2,WB-00402r2,,,,GTGCACGAAT,,ATATGACTGT ,GC-OBB-9347,
WB-00485r2,WB-00485r2,,,,CGAAGTGCAC,,ATATGACTGT ,GC-OBB-9347,
WB-00487r2,WB-00487r2,,,,TCTGACCAGT,,ATATGACTGT ,GC-OBB-9347,
WB-00489r2,WB-00489r2,,,,TAGACTCCAT,,ATATGACTGT ,GC-OBB-9347,
WB-00491r2,WB-00491r2,,,,GCGAACGTAC,,ATATGACTGT ,GC-OBB-9347,
WB-00513r2,WB-00513r2,,,,TGCCTTCTTG,,ATATGACTGT ,GC-OBB-9347,
WB-00899r2,WB-00899r2,,,,TCATACGGTA,,ATATGACTGT ,GC-OBB-9347,
Negative1r2,Negative1r2,,,,TAGATCTACC,,ATATGACTGT ,GC-OBB-9347,
WB-00900r2,WB-00900r2,,,,GCGTCGTGTA,,ATATGACTGT ,GC-OBB-9347,
WB-00901r2,WB-00901r2,,,,CGCTATCAGT,,ATATGACTGT ,GC-OBB-9347,
WB-00902r2,WB-00902r2,,,,GTGCTCATGT,,ATATGACTGT ,GC-OBB-9347,
WB-00964r2,WB-00964r2,,,,GTCTACTGTC,,ATATGACTGT ,GC-OBB-9347,
WB-00965r2,WB-00965r2,,,,GTATCTCTCG,,ATATGACTGT ,GC-OBB-9347,
WB-00966r2,WB-00966r2,,,,TACATCGCTG,,ATATGACTGT ,GC-OBB-9347,
WB-00967r2,WB-00967r2,,,,GACTGTACGT,,ATATGACTGT ,GC-OBB-9347,
WB-00968r2,WB-00968r2,,,,TAGAGTCTGT,,ATATGACTGT ,GC-OBB-9347,
WB-00899-2r2,WB-00899-2r2,,,,CGTCTATGAT,,ATATGACTGT ,GC-OBB-9347,
WB-00907r2,WB-00907r2,,,,CAGCTATAGC,,ATATGACTGT ,GC-OBB-9347,
WB-00908r2,WB-00908r2,,,,TGCGAGACGT,,ATATGACTGT ,GC-OBB-9347,
WB-00909r2,WB-00909r2,,,,GCGTAGACGA,,ATATGACTGT ,GC-OBB-9347,
WB-00910r2,WB-00910r2,,,,CGCAGAGCAT,,ATATGACTGT ,GC-OBB-9347,
WB-00911r2,WB-00911r2,,,,TGTACAGCGA,,ATATGACTGT ,GC-OBB-9347,
WB-00912r2,WB-00912r2,,,,GCAGCTGTCA,,ATATGACTGT ,GC-OBB-9347,
WB-00493r2,WB-00493r2,,,,TCATCATGCG,,ATATGACTGT ,GC-OBB-9347,
WB-00494r2,WB-00494r2,,,,GATATATGTC,,ATATGACTGT ,GC-OBB-9347,
WB-00495r2,WB-00495r2,,,,GTGAAGGTAA,,ATATGACTGT ,GC-OBB-9347,
WB-00496r2,WB-00496r2,,,,CTAATCGTGT,,ATATGACTGT ,GC-OBB-9347,
WB-00508r2,WB-00508r2,,,,GGTGTCTTGT,,ATATGACTGT ,GC-OBB-9347,
WB-00935r2,WB-00935r2,,,,CCTCGTTGTT,,ATATGACTGT ,GC-OBB-9347,
WB-00936r2,WB-00936r2,,,,GTCTCAATGT,,ATATGACTGT ,GC-OBB-9347,
WB-00937r2,WB-00937r2,,,,CATTCTCTGA,,ATATGACTGT ,GC-OBB-9347,
WB-00938r2,WB-00938r2,,,,GGCTGTGATC,,ATATGACTGT ,GC-OBB-9347,
WB-00454r2,WB-00454r2,,,,CTCAATCGTA,,ATATGACTGT ,GC-OBB-9347,
WB-00455r2,WB-00455r2,,,,CGCTAATGTA,,ATATGACTGT ,GC-OBB-9347,
WB-00457r2,WB-00457r2,,,,TTCTGTTGCC,,ATATGACTGT ,GC-OBB-9347,
WB-00458r2,WB-00458r2,,,,CCTGTGTAGA,,ATATGACTGT ,GC-OBB-9347,
WB-00459r2,WB-00459r2,,,,GATAAGAAGG,,ATATGACTGT ,GC-OBB-9347,
WB-00460r2,WB-00460r2,,,,CAGGTCACAT,,ATATGACTGT ,GC-OBB-9347,
WB-00504r2,WB-00504r2,,,,TCTGCCTATA,,ATATGACTGT ,GC-OBB-9347,
WB-00510r2,WB-00510r2,,,,TGTTCGATAG,,ATATGACTGT ,GC-OBB-9347,
WB-00895r2,WB-00895r2,,,,TGGAGCATGT,,ATATGACTGT ,GC-OBB-9347,
WB-00896r2,WB-00896r2,,,,TTGTCACATC,,ATATGACTGT ,GC-OBB-9347,
WB-00897r2,WB-00897r2,,,,TTCGAGCTAT,,ATATGACTGT ,GC-OBB-9347,
WB-00898r2,WB-00898r2,,,,GGTCGTGCAT,,ATATGACTGT ,GC-OBB-9347,
WB-00945r2,WB-00945r2,,,,CGAGCATTGT,,ATATGACTGT ,GC-OBB-9347,
WB-00946r2,WB-00946r2,,,,TTGCACTCAG,,ATATGACTGT ,GC-OBB-9347,
WB-00947r2,WB-00947r2,,,,CTGACAAGTG,,ATATGACTGT ,GC-OBB-9347,
WB-00948r2,WB-00948r2,,,,CACGAAGAGC,,ATATGACTGT ,GC-OBB-9347,
WB-00403r2,WB-00403r2,,,,GACGTGCTTC,,ATATGACTGT ,GC-OBB-9347,
WB-00404r2,WB-00404r2,,,,TGGAGGTGTT,,ATATGACTGT ,GC-OBB-9347,
WB-00405r2,WB-00405r2,,,,TGGAGTCATC,,ATATGACTGT ,GC-OBB-9347,
WB-00406r2,WB-00406r2,,,,GTAATGTGCG,,ATATGACTGT ,GC-OBB-9347,
WB-00473r2,WB-00473r2,,,,TGTGAGGTAC,,ATATGACTGT ,GC-OBB-9347,
WB-00474r2,WB-00474r2,,,,TGTCAAGAGC,,ATATGACTGT ,GC-OBB-9347,
WB-00498r2,WB-00498r2,,,,CTATAAGCGC,,ATATGACTGT ,GC-OBB-9347,
WB-00506r2,WB-00506r2,,,,CGAAGCGTGA,,ATATGACTGT ,GC-OBB-9347,
WB-00403-2r2,WB-00403-2r2,,,,GAGTCGATCC,,ATATGACTGT ,GC-OBB-9347,
WB-00447r2,WB-00447r2,,,,GAAGTCGCTG,,ATATGACTGT ,GC-OBB-9347,
WB-00449r2,WB-00449r2,,,,CTAAGCACGT,,ATATGACTGT ,GC-OBB-9347,
WB-00450r2,WB-00450r2,,,,GTAGATGGAC,,ATATGACTGT ,GC-OBB-9347,
WB-00461r2,WB-00461r2,,,,GCTGTCCGTA,,ATATGACTGT ,GC-OBB-9347,
WB-00462r2,WB-00462r2,,,,TGAGCCACAT,,ATATGACTGT ,GC-OBB-9347,
WB-00463r2,WB-00463r2,,,,CTGTATACCA,,ATATGACTGT ,GC-OBB-9347,
WB-00931r2,WB-00931r2,,,,CACTTCAGTA,,ATATGACTGT ,GC-OBB-9347,
WB-00932r2,WB-00932r2,,,,TCCATCGTAT,,ATATGACTGT ,GC-OBB-9347,
WB-00933r2,WB-00933r2,,,,GTTGTCTTAC,,ATATGACTGT ,GC-OBB-9347,
WB-00934r2,WB-00934r2,,,,CATTGCAGTT,,ATATGACTGT ,GC-OBB-9347,
Negative2r2,Negative2r2,,,,GATTGATTGC,,ATATGACTGT ,GC-OBB-9347,
